{
  "lens_name": "cam_18pics",
  "model": "standard",
  "rms_px": 0.818531,
  "image_size": [
    1920,
    1080
  ],
  "camera_matrix": [
    [
      614.5003481148348,
      0.0,
      934.954406397791
    ],
    [
      0.0,
      615.0270675975418,
      534.4388155950381
    ],
    [
      0.0,
      0.0,
      1.0
    ]
  ],
  "dist_coeffs": [
    -0.0167031695123153,
    0.0013214527128241852,
    -0.0005274713205507394,
    0.0005348429757636214,
    -0.00013086376102159773
  ],
  "dist_labels": [
    "k1",
    "k2",
    "p1",
    "p2",
    "k3"
  ],
  "fx": 1047.6562,
  "fy": 1047.6562,
  "cx": 960.0,
  "cy": 540.0,
  "fov_h_deg": 85.0,
  "fov_v_deg": 54.54,
  "patched_note": "fx/fy patched from spec FOV_H=85.0deg; cx/cy reset to image center"
}